ARS,MCI (H),CHE (A),WHU (H),CAR (A),NEW (A),EVE (H),WAT (H),FUL (A),LEI (H),CRY (A),LIV (H),WOL (H),BOU (A),TOT (H),MNU (A),HUD (H),SOU (A),BUR (H),BHA (A),LIV (A),FUL (H),WHU (A),CHE (H),CAR (H),MCI (A),HUD (A),SOU (H),BOU (H),TOT (A),MNU (H),WOL (A),NEW (H),EVE (A),WAT (A),CRY (H),LEI (A),BHA (H),BUR (A)
BOU,CAR (H),WHU (A),EVE (H),CHE (A),LEI (H),BUR (A),CRY (H),WAT (A),SOU (H),FUL (A),MNU (H),NEW (A),ARS (H),MCI (A),HUD (H),LIV (H),WOL (A),BHA (H),TOT (A),MNU (A),WAT (H),EVE (A),WHU (H),CHE (H),CAR (A),LIV (A),WOL (H),ARS (A),MCI (H),HUD (A),NEW (H),LEI (A),BUR (H),BHA (A),FUL (H),SOU (A),TOT (H),CRY (A)
BHA,WAT (A),MNU (H),LIV (A),FUL (H),SOU (A),TOT (H),MCI (A),WHU (H),NEW (A),WOL (H),EVE (A),CAR (A),LEI (H),HUD (A),CRY (H),BUR (A),CHE (H),BOU (A),ARS (H),EVE (H),WHU (A),LIV (H),MNU (A),FUL (A),WAT (H),BUR (H),CHE (A),LEI (A),HUD (H),CRY (A),CAR (H),SOU (H),TOT (A),BOU (H),WOL (A),NEW (H),ARS (A),MCI (H)
BUR,SOU (A),WAT (H),FUL (A),MNU (H),WOL (A),BOU (H),CAR (A),HUD (H),MCI (A),CHE (H),WHU (A),LEI (A),NEW (H),CRY (A),LIV (H),BHA (H),TOT (A),ARS (A),EVE (H),WHU (H),HUD (A),FUL (H),WAT (A),MNU (A),SOU (H),BHA (A),TOT (H),NEW (A),CRY (H),LIV (A),LEI (H),WOL (H),BOU (A),CAR (H),CHE (A),MCI (H),EVE (A),ARS (H)
CAR,BOU (A),NEW (H),HUD (A),ARS (H),CHE (A),MCI (H),BUR (H),TOT (A),FUL (H),LIV (A),LEI (H),BHA (H),EVE (A),WOL (H),WHU (A),SOU (H),WAT (A),MNU (H),CRY (A),LEI (A),TOT (H),HUD (H),NEW (A),ARS (A),BOU (H),SOU (A),WAT (H),EVE (H),WOL (A),WHU (H),BHA (A),CHE (H),MCI (A),BUR (A),LIV (H),FUL (A),CRY (H),MNU (A)
CHE,HUD (A),ARS (H),NEW (A),BOU (H),CAR (H),WHU (A),LIV (H),SOU (A),MNU (H),BUR (A),CRY (H),EVE (H),TOT (A),FUL (H),WOL (A),MCI (H),BHA (A),LEI (H),WAT (A),CRY (A),SOU (H),NEW (H),ARS (A),BOU (A),HUD (H),MCI (A),BHA (H),TOT (H),FUL (A),WOL (H),EVE (A),CAR (A),WHU (H),LIV (A),BUR (H),MNU (A),WAT (H),LEI (A)
CRY,FUL (A),LIV (H),WAT (A),SOU (H),HUD (A),NEW (H),BOU (A),WOL (H),EVE (A),ARS (H),CHE (A),TOT (H),MNU (A),BUR (H),BHA (A),WHU (A),LEI (H),MCI (A),CAR (H),CHE (H),WOL (A),WAT (H),LIV (A),SOU (A),FUL (H),WHU (H),LEI (A),MNU (H),BUR (A),BHA (H),TOT (A),HUD (H),NEW (A),MCI (H),ARS (A),EVE (H),CAR (A),BOU (H)
EVE,WOL (A),SOU (H),BOU (A),HUD (H),WHU (H),ARS (A),FUL (H),LEI (A),CRY (H),MNU (A),BHA (H),CHE (A),CAR (H),LIV (A),NEW (H),WAT (H),MCI (A),TOT (H),BUR (A),BHA (A),LEI (H),BOU (H),SOU (A),HUD (A),WOL (H),WAT (A),MCI (H),CAR (A),LIV (H),NEW (A),CHE (H),WHU (A),ARS (H),FUL (A),MNU (H),CRY (A),BUR (H),TOT (A)
FUL,CRY (H),TOT (A),BUR (H),BHA (A),MCI (A),WAT (H),EVE (A),ARS (H),CAR (A),BOU (H),HUD (A),LIV (A),SOU (H),CHE (A),LEI (H),MNU (A),WHU (H),NEW (A),WOL (H),HUD (H),ARS (A),BUR (A),TOT (H),BHA (H),CRY (A),MNU (H),WHU (A),SOU (A),CHE (H),LEI (A),LIV (H),MCI (H),WAT (A),EVE (H),BOU (A),CAR (H),WOL (A),NEW (H)
HUD,CHE (H),MCI (A),CAR (H),EVE (A),CRY (H),LEI (A),TOT (H),BUR (A),LIV (H),WAT (A),FUL (H),WHU (H),WOL (A),BHA (H),BOU (A),ARS (A),NEW (H),SOU (H),MNU (A),FUL (A),BUR (H),CAR (A),MCI (H),EVE (H),CHE (A),ARS (H),NEW (A),WOL (H),BHA (A),BOU (H),WHU (A),CRY (A),LEI (H),TOT (A),WAT (H),LIV (A),MNU (H),SOU (A)
LEI,MNU (A),WOL (H),SOU (A),LIV (H),BOU (A),HUD (H),NEW (A),EVE (H),ARS (A),WHU (H),CAR (A),BUR (H),BHA (A),WAT (H),FUL (A),TOT (H),CRY (A),CHE (A),MCI (H),CAR (H),EVE (A),SOU (H),WOL (A),LIV (A),MNU (H),TOT (A),CRY (H),BHA (H),WAT (A),FUL (H),BUR (A),BOU (H),HUD (A),NEW (H),WHU (A),ARS (H),MCI (A),CHE (H)
LIV,WHU (H),CRY (A),BHA (H),LEI (A),TOT (A),SOU (H),CHE (A),MCI (H),HUD (A),CAR (H),ARS (A),FUL (H),WAT (A),EVE (H),BUR (A),BOU (A),MNU (H),WOL (A),NEW (H),ARS (H),MCI (A),BHA (A),CRY (H),LEI (H),WHU (A),BOU (H),MNU (A),WAT (H),EVE (A),BUR (H),FUL (A),TOT (H),SOU (A),CHE (H),CAR (A),HUD (H),NEW (A),WOL (H)
MCI,ARS (A),HUD (H),WOL (A),NEW (H),FUL (H),CAR (A),BHA (H),LIV (A),BUR (H),TOT (A),SOU (H),MNU (H),WHU (A),BOU (H),WAT (A),CHE (A),EVE (H),CRY (H),LEI (A),SOU (A),LIV (H),WOL (H),HUD (A),NEW (A),ARS (H),CHE (H),EVE (A),WHU (H),BOU (A),WAT (H),MNU (A),FUL (A),CAR (H),CRY (A),TOT (H),BUR (A),LEI (H),BHA (A)
MNU,LEI (H),BHA (A),TOT (H),BUR (A),WAT (A),WOL (H),WHU (A),NEW (H),CHE (A),EVE (H),BOU (A),MCI (A),CRY (H),SOU (A),ARS (H),FUL (H),LIV (A),CAR (A),HUD (H),BOU (H),NEW (A),TOT (A),BHA (H),BUR (H),LEI (A),FUL (A),LIV (H),CRY (A),SOU (H),ARS (A),MCI (H),WAT (H),WOL (A),WHU (H),EVE (A),CHE (H),HUD (A),CAR (H)
NEW,TOT (H),CAR (A),CHE (H),MCI (A),ARS (H),CRY (A),LEI (H),MNU (A),BHA (H),SOU (A),WAT (H),BOU (H),BUR (A),WHU (H),WOL (H),EVE (A),HUD (A),FUL (H),LIV (A),WAT (A),MNU (H),CHE (A),CAR (H),MCI (H),TOT (A),WOL (A),HUD (H),BUR (H),WHU (A),EVE (H),BOU (A),ARS (A),CRY (H),LEI (A),SOU (H),BHA (A),LIV (H),FUL (A)
SOU,BUR (H),EVE (A),LEI (H),CRY (A),BHA (H),LIV (A),WOL (A),CHE (H),BOU (A),NEW (H),MCI (A),WAT (H),FUL (A),MNU (H),TOT (A),CAR (A),ARS (H),HUD (A),WHU (H),MCI (H),CHE (A),LEI (A),EVE (H),CRY (H),BUR (A),CAR (H),ARS (A),FUL (H),MNU (A),TOT (H),WAT (A),BHA (A),LIV (H),WOL (H),NEW (A),BOU (H),WHU (A),HUD (H)
TOT,NEW (A),FUL (H),MNU (A),WAT (A),LIV (H),BHA (A),HUD (A),CAR (H),WHU (A),MCI (H),WOL (A),CRY (A),CHE (H),ARS (A),SOU (H),LEI (A),BUR (H),EVE (A),BOU (H),WOL (H),CAR (A),MNU (H),FUL (A),WAT (H),NEW (H),LEI (H),BUR (A),CHE (A),ARS (H),SOU (A),CRY (H),LIV (A),BHA (H),HUD (H),MCI (A),WHU (H),BOU (A),EVE (H)
WAT,BHA (H),BUR (A),CRY (H),TOT (H),MNU (H),FUL (A),ARS (A),BOU (H),WOL (A),HUD (H),NEW (A),SOU (A),LIV (H),LEI (A),MCI (H),EVE (A),CAR (H),WHU (A),CHE (H),NEW (H),BOU (A),CRY (A),BUR (H),TOT (A),BHA (A),EVE (H),CAR (A),LIV (A),LEI (H),MCI (A),SOU (H),MNU (A),FUL (H),ARS (H),HUD (A),WOL (H),CHE (A),WHU (H)
WHU,LIV (A),BOU (H),ARS (A),WOL (H),EVE (A),CHE (H),MNU (H),BHA (A),TOT (H),LEI (A),BUR (H),HUD (A),MCI (H),NEW (A),CAR (H),CRY (H),FUL (A),WAT (H),SOU (A),BUR (A),BHA (H),ARS (H),BOU (A),WOL (A),LIV (H),CRY (A),FUL (H),MCI (A),NEW (H),CAR (A),HUD (H),EVE (H),CHE (A),MNU (A),LEI (H),TOT (A),SOU (H),WAT (A)
WOL,EVE (H),LEI (A),MCI (H),WHU (A),BUR (H),MNU (A),SOU (H),CRY (A),WAT (H),BHA (A),TOT (H),ARS (A),HUD (H),CAR (A),CHE (H),NEW (A),BOU (H),LIV (H),FUL (A),TOT (A),CRY (H),MCI (A),LEI (H),WHU (H),EVE (A),NEW (H),BOU (A),HUD (A),CAR (H),CHE (A),ARS (H),BUR (A),MNU (H),SOU (A),BHA (H),WAT (A),FUL (H),LIV (A)
